{
    "MAE": 6.749130360481977,
    "RMSE": 8.772426291545948,
    "R2": 0.3667317362639694
}