{"complexity": "baja", "MAE": 20.55687947436137, "RMSE": 26.89137559847649, "R2": 0.7941105937487553}