{
    "MAE": 11.360337621138395,
    "RMSE": 14.206483907623676,
    "R2": 0.6171787308896581
}